{"prevTic": 0.0015022754669189453, "switchInterval": 0.004857}