{"volume": -19.32278249825291, "limiter": -7.302040274844777}