{"volume": -16.05242952054106, "limiter": -0.9857464364479935}