{"list": [{"name": "Mr. Penis", "type": 4, "details": {"activity": [10, 10, 9, 4, 1, 0, 10, 10, 2, 8, 10, 10], "hatrid": 0, "love": 10, "voice": [1.4441737328663464, 8.776564559683385, 0.07029592593583422], "memmories": [[[0, 0, 0, 0, 0, 0], [120, 140]]], "completedMemmories": {}}}, {"name": "June Tilsley", "type": 2, "details": {"activity": [3.6006106997283247, 7.947358382543415, 2.4224517826760374, 0.6456697556922348, 0.3964479579803759, 1.2095513665884052, 0.49659294274471144, 0.06965972962879485, 2.276658038135866, 0.9868184451906321, 6.106111032640042, 4.120728997495044], "hatrid": 14.047662088352935, "love": 2.725641563612409, "voice": [1.4415809596760871, 5.492192850349574, 0.48602243734031103], "memmories": [[[1970, 3, 22, 20, 52, 54], [1248.5561096987578, 258.80774745631635]], [[1962, 9, 16, 7, 2, 22], [868.5806559845275, 37.57578458390743]], [[1961, 6, 12, 4, 12, 50], [222.26233829113, 254.8239753018476]], [[1966, 4, 13, 6, 3, 16], [1418.2293832107746, 381.8766721571218]], [[1968, 6, 4, 15, 43, 24], [741.4237232302729, 572.1911841417254]], [[1959, 9, 9, 23, 2, 46], [1444.2787715415714, 216.1056241478845]], [[1976, 2, 24, 12, 43, 13], [1859.0763101801438, 76.7119071265251]]], "completedMemmories": {}}, "dateAdded": [2023, 10, 31, 23, 30, 23], "halfLife": 63829086055.11356}, {"name": "Zaid Silverthorn", "type": 2, "details": {"activity": [3.48068428173654, 1.066101502171493, 4.247326391513603, 0.6740690798314102, 0.7754280867207541, 1.1477426865293177, 1.9853525047911855, 2.2289520005265664, 2.3941216724555487, 3.9818202645482064, 4.853490136914403, 3.154879889737007], "hatrid": 14.180851838950613, "love": 0.6563333347135611, "voice": [0.31841314025865863, 4.277852964124124, 0.07472378785994493], "memmories": [[[1765, 6, 24, 16, 8, 15], [196.3105647930149, 496.9824607760851]], [[1769, 9, 4, 5, 37, 34], [409.59000980006044, 200.7044534278444]], [[1796, 9, 29, 15, 40, 3], [62.50417568452639, 94.77023488820645]], [[1721, 11, 15, 22, 47, 22], [1448.9699779093621, 366.6104343287574]], [[1810, 11, 15, 1, 20, 8], [1936.1969060841182, 307.7084655321254]], [[1711, 2, 3, 23, 18, 59], [52.21320979451833, 68.21654223189636]], [[1815, 10, 19, 19, 31, 5], [202.96022011407052, 8.54830846210697]]], "completedMemmories": {}}, "dateAdded": [2023, 10, 31, 23, 30, 24], "halfLife": 63828941558.38149}, {"name": "Allison Wallach", "type": 1, "details": {"activity": [3.7797625985182473, 3.0406608814579963, 2.773403684669857, 7.804343927170075, 2.60103491476203, 4.4813339425682654, 2.379752575458892, 6.459274680336415, 0.06162970080126229, 7.54317409046719, 0.43894549529118, 3.827097735106133], "hatrid": 9.102198099824559, "love": 0.09045337618358239, "voice": [0.6506696967552255, 8.366443651924286, 0.15194323024485568], "memmories": [[[1934, 10, 2, 10, 15, 1], [1156.3366902014968, 286.5169437930783]], [[1954, 2, 9, 13, 20, 58], [290.63523237060406, 567.942516684541]], [[1951, 3, 7, 3, 30, 8], [1284.9138530767248, 563.3580788527931]], [[1941, 2, 0, 0, 40, 54], [1684.350705239674, 318.39927632491504]], [[1930, 11, 20, 9, 57, 57], [1747.7355480581523, 10.053434845625986]], [[1958, 3, 7, 18, 25, 23], [1592.4065851847085, 367.64982148125756]]], "completedMemmories": {}}, "dateAdded": [2023, 10, 31, 23, 30, 24], "halfLife": 63831472066.67384}, {"name": "Imad Blok", "type": 3, "details": {"activity": [2.2960146443343934, 2.824463077535812, 1.03396120152339, 0.9001071254236153, 0.0, 0.0, 0.0, 0.0, 0.0, 0.4337157231217832, 1.6558595412212533, 8.791169957408409], "hatrid": 11.341130136986077, "love": 1.9447953843152244, "voice": [0.5914148406244815, 12.886719632023386, 0.8633347490772676], "memmories": [[[1869, 2, 13, 9, 33, 2], [30.28513466456474, 349.4583249192939]], [[1867, 8, 5, 21, 30, 59], [1935.5670910354465, 447.2462789796972]], [[1871, 5, 11, 5, 41, 35], [878.3877662349213, 394.4416168600077]], [[1874, 9, 13, 6, 41, 17], [1205.6321274392965, 428.63162805571847]], [[1862, 11, 20, 23, 12, 15], [872.1313158001532, 310.57747525982154]], [[1875, 4, 17, 1, 19, 20], [1182.3923812054209, 34.97242362531708]]], "completedMemmories": {}}, "dateAdded": [2023, 10, 31, 23, 30, 26], "halfLife": 63824297669.81903}, {"name": "Tiago Hawkes", "type": 2, "details": {"activity": [5.72878412354515, 4.802365952413704, 3.8512168896512, 0.35559970832012655, 0.46847858539441356, 1.3445879984396554, 2.1402935454835608, 1.1332211277549495, 1.51729579505901, 0.6080375366184445, 5.639355159832302, 2.2421096863169216], "hatrid": 2.992899389616692, "love": 1.7644390200607418, "voice": [0.7394443908227255, 11.606150126412949, 0.9261920272922225], "memmories": [[[1748, 6, 17, 14, 1, 47], [1495.6337438979656, 18.351586301572425]], [[1716, 9, 23, 1, 46, 23], [745.3126026066284, 587.7265703752664]], [[1775, 2, 25, 22, 44, 2], [569.8604950487445, 164.45276351952074]]], "completedMemmories": {}}, "dateAdded": [2023, 10, 31, 23, 30, 27], "halfLife": 63832035322.58921}, {"name": "Stuart Hursey", "type": 3, "details": {"activity": [5.93369686545116, 0.8014504315271254, 1.9384988177779754, 0.789138562591499, 0.0, 0.0, 0.0, 0.0, 0.0, 1.18606878178211, 5.301093759006276, 1.636874148418631], "hatrid": 3.8797693796548316, "love": 1.2781669909013171, "voice": [0.7971832071660923, 13.234609416668713, 0.3891620195751665], "memmories": [[[1785, 7, 21, 11, 13, 14], [486.3168942310487, 412.103976390702]], [[1786, 5, 8, 15, 41, 22], [1997.2308621423722, 332.31537953369514]], [[1784, 3, 1, 23, 47, 1], [1301.5408990281655, 283.01080111351666]], [[1781, 5, 9, 9, 59, 29], [2096.401595368277, 438.40695183681197]], [[1786, 9, 28, 21, 19, 37], [1623.4383554931483, 165.49485712784934]], [[1786, 3, 1, 15, 0, 50], [1748.0887317393713, 163.90317053444363]], [[1783, 8, 12, 5, 32, 54], [545.5944207786102, 562.9670246774779]], [[1783, 11, 26, 21, 16, 28], [745.2240853813553, 592.1876416975379]], [[1784, 9, 15, 11, 50, 5], [1964.4161062906173, 449.7905518240896]], [[1782, 10, 21, 9, 51, 1], [649.5790789573089, 532.9345724313905]], [[1782, 2, 16, 4, 30, 12], [934.3623384296625, 173.8802318810973]], [[1781, 11, 1, 14, 59, 54], [1279.5848526831605, 165.9067454320191]], [[1787, 4, 14, 20, 21, 50], [1315.8500059363653, 43.34769064443351]]], "completedMemmories": {}}, "dateAdded": [2023, 10, 31, 23, 30, 27], "halfLife": 63830534207.503685}, {"name": "Edwin Hoar", "type": 2, "details": {"activity": [5.255813313782909, 3.8851383140859266, 1.9684825616322903, 1.8545236621387562, 0.7847685942693786, 1.8184989640956792, 0.5501657839417297, 1.473680466062059, 0.6829817955526962, 0.28385791970645236, 4.613914873467847, 3.02801132383005], "hatrid": 15.267982263607287, "love": 3.124895492533864, "voice": [0.5670338943472982, 6.622362936119745, 0.5687459121868848], "memmories": [[[1904, 11, 25, 15, 43, 37], [866.6797719988817, 640.3849146873996]], [[1845, 4, 27, 0, 23, 15], [703.951975452443, 82.47788864739123]], [[1910, 4, 17, 3, 50, 6], [2.667198136794003, 471.33470273710145]], [[1845, 10, 29, 16, 4, 31], [1509.1707679716835, 232.99467175836415]], [[1835, 8, 11, 17, 14, 35], [1947.760444610859, 530.7320817268618]], [[1872, 7, 16, 17, 54, 9], [1123.4745314763222, 8.875257731812995]], [[1891, 3, 7, 7, 27, 47], [1657.5455090039745, 93.54259376442812]], [[1868, 11, 12, 20, 32, 15], [1437.4424198628724, 167.5508522880376]], [[1833, 12, 27, 0, 51, 4], [2096.115437649808, 473.8950701649852]], [[1932, 2, 15, 14, 3, 2], [399.191911815201, 536.8635649291768]]], "completedMemmories": {}}, "dateAdded": [2023, 10, 31, 23, 30, 28], "halfLife": 63831068792.88651}, {"name": "Christian Ahlin", "type": 1, "details": {"activity": [0.9255209318712526, 3.9833713861788196, 1.4942267117494996, 3.242243955509946, 3.4745603978513517, 0.9700953671202428, 6.634891800846626, 5.622506892076945, 5.605457087052446, 0.5279326476676403, 0.20835571289305255, 5.506637697457082], "hatrid": 3.749876931609456, "love": 3.720518434897092, "voice": [0.9905569374067054, 4.391967920166509, 0.14292799229516107],