{"list": [{"name": "Mr. Penis", "type": 4, "details": {"activity": [10, 10, 9, 4, 1, 0, 10, 10, 2, 8, 10, 10], "hatrid": 0, "love": 10, "voice": [1.4441737328663464, 8.776564559683385, 0.07029592593583422], "memmories": [[[0, 0, 0, 0, 0, 0], [120, 140]]], "completedMemmories": {}}}, {"name": "Alina Shane", "type": 2, "details": {"activity": [7.888730027518834, 2.9743514279447427, 1.0833977126925542, 1.4962507834658012, 0.11452846965193686, 0.24545020302443965, 1.1835260891509098, 2.908438106857457, 4.288252666377208, 5.844978977487589, 6.597891960697021, 2.0626697184364513], "hatrid": 11.539858359522562, "love": 0.01610297810733511, "voice": [0.5050519180203559, 6.732227293520118, 0.4878023582097243], "memmories": [[[1787, 9, 29, 11, 22, 41], [425.4666752699077, 371.79209905626885]], [[1785, 8, 12, 9, 38, 31], [1241.6168740785163, 444.9144390268598]], [[1793, 5, 26, 5, 41, 21], [2013.0947129448784, 131.1911145388381]], [[1770, 8, 8, 11, 16, 58], [1913.4387089472793, 434.8023400747091]], [[1820, 10, 16, 1, 15, 29], [1404.3671420530281, 292.70399223738286]]], "completedMemmories": {}}, "dateAdded": [2023, 10, 31, 18, 0, 22], "halfLife": 63831615945.68485}, {"name": "Rainer Atherton", "type": 3, "details": {"activity": [2.9986525173515433, 0.0848214384935071, 1.3667880934836716, 0.34171482053063507, 0.0, 0.0, 0.0, 0.0, 0.0, 0.10192819014787813, 3.1532117718186896, 8.677432240246073], "hatrid": 25.20561413808062, "love": 2.1874353701308835, "voice": [0.752557345682964, 7.013221090274024, 0.21950256703097915], "memmories": [[[1956, 10, 29, 1, 55, 51], [527.2023523604781, 253.61215082157233]], [[1955, 8, 20, 23, 38, 18], [1379.5240456476877, 142.2558553391311]], [[1945, 4, 5, 10, 51, 44], [407.73586973141005, 462.73367027530156]], [[1956, 1, 11, 23, 55, 53], [904.1376687262949, 122.7745525496252]], [[1940, 11, 17, 10, 36, 26], [884.8423088538954, 528.4912889622565]], [[1960, 2, 12, 6, 23, 48], [1924.7899969637929, 485.08064954516954]]], "completedMemmories": {}}, "dateAdded": [2023, 10, 31, 18, 0, 23], "halfLife": 63828750809.113686}, {"name": "Tommaso Buzzell", "type": 3, "details": {"activity": [6.693051505945755, 3.930600069438518, 1.0143376545151221, 0.509672430103115, 0.0, 0.0, 0.0, 0.0, 0.0, 1.0936636674492717, 2.611813329150267, 9.245928671483462], "hatrid": 29.210991993958352, "love": 1.4179930600194042, "voice": [0.43999572557543576, 8.270908352090283, 0.9480707681568306], "memmories": [[[1929, 9, 23, 22, 35, 22], [1458.280013104311, 576.061920827884]], [[1981, 2, 21, 7, 54, 10], [1038.8272627965953, 417.3768255317785]], [[1930, 2, 21, 17, 22, 34], [1032.7466650912227, 164.22554413854033]], [[1927, 7, 7, 19, 1, 51], [122.2813092036709, 169.98194696464728]], [[1999, 3, 9, 9, 9, 16], [126.74610449627137, 200.68768269034328]]], "completedMemmories": {}}, "dateAdded": [2023, 10, 31, 18, 0, 23], "halfLife": 63824484257.71216}, {"name": "Jaymee Guzzi", "type": 0, "details": {"activity": [2.1706996241831975, 3.0866672874404455, 3.6909149262917063, 2.509284675106036, 6.584628946043297, 5.588670347763108, 2.7510094696593503, 7.879582580650945, 8.933177087485289, 5.662459347416298, 8.52123061867757, 2.6661849773513557], "hatrid": 0.0, "love": 4.068767601797389, "voice": [0.9617624422271753, 5.2649557335944746, 0.664618604909505], "memmories": [[[1886, 10, 10, 15, 56, 35], [2098.5761576647433, 320.5402497441931]], [[1858, 4, 6, 16, 50, 32], [1071.5475471454556, 345.8849633134172]], [[1881, 2, 22, 8, 32, 8], [424.158637207237, 499.57031113571736]], [[1843, 9, 9, 5, 26, 3], [1196.712496035089, 454.7079414084108]], [[1913, 3, 2, 16, 40, 22], [391.5521885508355, 174.8274267604076]]], "completedMemmories": {}}, "dateAdded": [2023, 10, 31, 18, 0, 24], "halfLife": 63826194519.9384}, {"name": "Charbel Singhal", "type": 1, "details": {"activity": [0.3060066814641116, 0.508957039550225, 5.492419985916172, 5.005991737390726, 4.956681750497451, 8.33348400215567, 6.384216101761987, 6.182480534240161, 5.691171177062504, 7.209382656149792, 6.703382862312898, 3.355118727965865], "hatrid": 4.107457827680867, "love": 2.974439480759589, "voice": [0.5197016362858193, 6.1544334218464325, 0.16892966812957244], "memmories": [[[1921, 3, 24, 23, 33, 11], [442.96289068167874, 230.95475444082354]], [[1933, 11, 12, 12, 48, 34], [1620.0861593286165, 63.775374469720596]], [[1920, 2, 8, 2, 0, 48], [233.27681365358356, 158.3091445073453]], [[1925, 2, 18, 21, 4, 59], [1240.586378059591, 429.1226222107185]], [[1923, 11, 10, 3, 56, 23], [841.063235903128, 12.178812482305045]], [[1917, 5, 8, 15, 11, 34], [325.7526316844674, 145.72911226024047]], [[1915, 9, 27, 14, 10, 28], [1464.354054160885, 114.39109869840794]], [[1908, 11, 11, 19, 23, 18], [540.6429289973472, 556.3293286664839]], [[1934, 2, 26, 7, 36, 50], [119.79138869172095, 469.31218789381774]]], "completedMemmories": {}}, "dateAdded": [2023, 10, 31, 18, 0, 24], "halfLife": 63829593176.1092}, {"name": "Harjot Grieve", "type": 1, "details": {"activity": [4.3589804238638035, 4.251881023782241, 2.2463731333351684, 2.0324346987786743, 3.981806899074566, 5.9421976916570465, 4.173710246505793, 4.788182587963802, 3.1780265944025468, 6.032775459656637, 0.23185899534680998, 4.1612431116974875], "hatrid": 3.6551275894779414, "love": 0.3932780929714117, "voice": [1.5653194053655966, 8.609451571641753, 0.8560871177602782], "memmories": [[[1722, 3, 27, 6, 27, 8], [1515.2882340370427, 363.83472001863566]], [[1734, 4, 17, 22, 29, 1], [1888.2220391788712, 120.35895688953303]], [[1765, 6, 17, 19, 8, 50], [208.87733846250828, 494.0870214402821]], [[1772, 9, 5, 20, 55, 0], [1652.6325197941942, 113.0283000294895]], [[1752, 7, 4, 19, 10, 5], [327.31716196892097, 295.0822893765088]], [[1707, 10, 15, 5, 23, 15], [465.459401212947, 195.9099319212561]], [[1782, 2, 17, 2, 16, 12], [777.2588390006906, 202.69680093236997]]], "completedMemmories": {}}, "dateAdded": [2023, 10, 31, 18, 0, 25], "halfLife": 63830356501.860825}, {"name": "Zak Wallman", "type": 2, "details": {"activity": [0.45136390230211987, 4.352083397149867, 2.1536938766851925, 0.765523124129772, 0.6729059069349324, 1.0068570593739965, 0.04211275233557854, 3.5062922643927585, 4.736802840495438, 5.885337605558041, 1.894875955620837, 4.007707781961606], "hatrid": 15.923339228348645, "love": 0.8192534512441234, "voice": [1.2346363961041575, 13.317227397647196, 0.441935564162828], "memmories": [[[1775, 11, 18, 0, 29, 23], [1306.261196204003, 184.48879793924226]], [[1777, 10, 12, 4, 40, 50], [1077.8491824167497, 406.215136356616]], [[1773, 4, 17, 6, 17, 49], [909.2092346926422, 452.9611665373915]], [[1791, 1, 30, 22, 13, 46], [2083.97222779371, 363.7011068509005]]], "completedMemmories": {}}, "dateAdded": [2023, 10, 31, 18, 0, 25], "halfLife": 63824186422.21371}, {"name": "Tadeusz Frigon", "type": 1, "details": {"activity": [2.765256547746133, 3.42936690119328, 0.834112885559953, 2.585397744583945, 2.9045465034985893, 5.890575495368035, 3.567074026531184, 4.62271475512766, 0.8905657975463179, 5.214694575055979, 6.136125987320337, 0.27576420543265345], "hatrid": 6.621662179032922, "love": 1.6264081636837586, "voice": [0.4444334370337335, 5.113743021639731, 0.3616354038745364], "memmories": [[[1930, 2, 5, 8, 32, 22], [1618.4023006759173, 145.77805410150052]], [[1913, 2, 2, 2, 39, 23], [1204.8139629627108, 3.3622296158353966]], [[1891, 8, 21, 23, 26, 34], [1295.2483147038877, 89.4209131585673]], [[1863, 4, 24, 2, 47, 45], [262.72907549139836, 389.3886632335784]], [[1853, 5, 26, 23, 50, 18], [1653.0984617895197, 214.15673801557867]], [[1967, 2, 17, 23, 18, 49], [1701.742013189206, 44.370288519853304]]], "completedMemmories": {}}, "dateAdded": [2023, 10, 31, 18, 0, 26], "halfLife": 63828393276.32024}, {"name": "Georgia Christoffersen", "type": 3, "details": {"activity": [5.2344236296719, 3.1413561913303303, 0.22959890216809242, 0.7703452627806525, 0.0, 0.0, 0.0, 0.0, 0.0, 1.7160533815556072, 3.517381650486999, 9.5747595234975], "hatrid": 19.76832027867771, "love": 0.01632865565329329,