{"value": 5.690944316921861, "noDay": 15.377020642298685, "noModif": -0.4289929921553257, "raw": -1.1590209265182168}