{"192.168.2.31": {"max": 2.6587349374375635, "current": 1, "play": true}, "192.168.2.32": {"max": 36.11344098444374, "current": 3, "play": true}, "192.168.2.25": {"max": 48.03567030412766, "current": 15, "play": true}, "192.168.2.11": {"max": 31.81254867865825, "current": 13, "play": true}, "192.168.2.30": {"max": 130.9543318324698, "current": 1, "play": true}}