{"192.168.2.11": {"max": 17.612223819742024, "current": 7, "play": true}, "192.168.2.13": {"max": 16.860789307583612, "current": 11, "play": true}, "192.168.2.25": {"max": 64.5532596222865, "current": 35, "play": true}, "192.168.2.32": {"max": 16.599823591865874, "current": 9, "play": true}}