{"192.168.2.32": {"max": 25.460039931387342, "current": 1, "play": true}, "192.168.2.25": {"max": 55.26863038964866, "current": 18, "play": true}, "192.168.2.13": {"max": 0, "current": 1, "play": false}, "192.168.2.11": {"max": 35.279305214275226, "current": 11, "play": true}}