{"192.168.2.25": {"max": 35.32817853200251, "current": 10, "play": true}, "192.168.2.32": {"max": 14.383379273495713, "current": 14, "play": true}, "192.168.2.31": {"max": 3.802059171310816, "current": 5, "play": false}}